<?xml version="1.0"?>
<!-- DTD for the XMLBIF 0.3 format -->
<!DOCTYPE BIF [
	<!ELEMENT BIF ( NETWORK )*>
	      <!ATTLIST BIF VERSION CDATA #REQUIRED>
	<!ELEMENT NETWORK ( NAME, ( PROPERTY | VARIABLE | DEFINITION )* )>
	<!ELEMENT NAME (#PCDATA)>
	<!ELEMENT VARIABLE ( NAME, ( OUTCOME |  PROPERTY )* ) >
	      <!ATTLIST VARIABLE TYPE (nature|decision|utility) "nature">
	<!ELEMENT OUTCOME (#PCDATA)>
	<!ELEMENT DEFINITION ( FOR | GIVEN | TABLE | PROPERTY )* >
	<!ELEMENT FOR (#PCDATA)>
	<!ELEMENT GIVEN (#PCDATA)>
	<!ELEMENT TABLE (#PCDATA)>
	<!ELEMENT PROPERTY (#PCDATA)>
]>


<BIF VERSION="0.3">
<NETWORK>
<NAME>Untitled</NAME>
<VARIABLE TYPE="nature">
<NAME>Porta</NAME>
<OUTCOME>P1</OUTCOME>
<OUTCOME>P2</OUTCOME>
<OUTCOME>P3</OUTCOME>
<PROPERTY>position = (474,56)</PROPERTY>
</VARIABLE>
<VARIABLE TYPE="nature">
<NAME>E2</NAME>
<OUTCOME>SE1</OUTCOME>
<OUTCOME>SE2</OUTCOME>
<OUTCOME>SE3</OUTCOME>
<PROPERTY>position = (271,274)</PROPERTY>
</VARIABLE>
<VARIABLE TYPE="nature">
<NAME>Ganhar</NAME>
<OUTCOME>T</OUTCOME>
<OUTCOME>F</OUTCOME>
<PROPERTY>position = (580,286)</PROPERTY>
</VARIABLE>
<VARIABLE TYPE="nature">
<NAME>E1</NAME>
<OUTCOME>E1</OUTCOME>
<OUTCOME>E2</OUTCOME>
<OUTCOME>E3</OUTCOME>
<PROPERTY>position = (140,59)</PROPERTY>
</VARIABLE>
<VARIABLE TYPE="nature">
<NAME>Mostrar</NAME>
<OUTCOME>M1</OUTCOME>
<OUTCOME>M2</OUTCOME>
<OUTCOME>M3</OUTCOME>
<PROPERTY>position = (268,145)</PROPERTY>
</VARIABLE>
<DEFINITION>
<FOR>Porta</FOR>
<TABLE>
0.3333 0.3333 0.3334 
</TABLE>
</DEFINITION>
<DEFINITION>
<FOR>E2</FOR>
<GIVEN>Mostrar</GIVEN>
<TABLE>
0.0 0.5 0.5 
0.5 0.0 0.5 
0.5 0.5 0.0 
</TABLE>
</DEFINITION>
<DEFINITION>
<FOR>Ganhar</FOR>
<GIVEN>Porta</GIVEN>
<GIVEN>E2</GIVEN>
<TABLE>
1.0 0.0 
0.0 1.0 
0.0 1.0 
0.0 1.0 
1.0 0.0 
0.0 1.0 
0.0 1.0 
0.0 1.0 
1.0 0.0 
</TABLE>
</DEFINITION>
<DEFINITION>
<FOR>E1</FOR>
<TABLE>
0.3333 0.3333 0.3334 
</TABLE>
</DEFINITION>
<DEFINITION>
<FOR>Mostrar</FOR>
<GIVEN>Porta</GIVEN>
<GIVEN>E1</GIVEN>
<TABLE>
0.0 0.5 0.5 
0.0 0.0 1.0 
0.0 1.0 0.0 
0.0 0.0 1.0 
0.5 0.0 0.5 
1.0 0.0 0.0 
0.0 1.0 0.0 
1.0 0.0 0.0 
0.5 0.5 0.0 
</TABLE>
</DEFINITION>
</NETWORK>
</BIF>
